{"name":"combination.rinha","expression":{"kind":"Let","name":{"text":"combination","location":{"start":4,"end":15,"filename":"combination.rinha"}},"value":{"kind":"Function","parameters":[{"text":"n","location":{"start":22,"end":23,"filename":"combination.rinha"}},{"text":"k","location":{"start":25,"end":26,"filename":"combination.rinha"}}],"value":{"kind":"Let","name":{"text":"a","location":{"start":41,"end":42,"filename":"combination.rinha"}},"value":{"kind":"Binary","lhs":{"kind":"Var","text":"k","location":{"start":45,"end":46,"filename":"combination.rinha"}},"op":"Eq","rhs":{"kind":"Int","value":0,"location":{"start":50,"end":51,"filename":"combination.rinha"}},"location":{"start":45,"end":51,"filename":"combination.rinha"}},"next":{"kind":"Let","name":{"text":"b","location":{"start":61,"end":62,"filename":"combination.rinha"}},"value":{"kind":"Binary","lhs":{"kind":"Var","text":"k","location":{"start":65,"end":66,"filename":"combination.rinha"}},"op":"Eq","rhs":{"kind":"Var","text":"n","location":{"start":70,"end":71,"filename":"combination.rinha"}},"location":{"start":65,"end":71,"filename":"combination.rinha"}},"next":{"kind":"If","condition":{"kind":"Binary","lhs":{"kind":"Var","text":"a","location":{"start":81,"end":82,"filename":"combination.rinha"}},"op":"Or","rhs":{"kind":"Var","text":"b","location":{"start":86,"end":87,"filename":"combination.rinha"}},"location":{"start":81,"end":87,"filename":"combination.rinha"}},"then":{"kind":"Int","value":1,"location":{"start":103,"end":104,"filename":"combination.rinha"}},"otherwise":{"kind":"Binary","lhs":{"kind":"Call","callee":{"kind":"Var","text":"combination","location":{"start":130,"end":141,"filename":"combination.rinha"}},"arguments":[{"kind":"Binary","lhs":{"kind":"Var","text":"n","location":{"start":142,"end":143,"filename":"combination.rinha"}},"op":"Sub","rhs":{"kind":"Int","value":1,"location":{"start":146,"end":147,"filename":"combination.rinha"}},"location":{"start":142,"end":147,"filename":"combination.rinha"}},{"kind":"Binary","lhs":{"kind":"Var","text":"k","location":{"start":149,"end":150,"filename":"combination.rinha"}},"op":"Sub","rhs":{"kind":"Int","value":1,"location":{"start":153,"end":154,"filename":"combination.rinha"}},"location":{"start":149,"end":154,"filename":"combination.rinha"}}],"location":{"start":130,"end":155,"filename":"combination.rinha"}},"op":"Add","rhs":{"kind":"Call","callee":{"kind":"Var","text":"combination","location":{"start":158,"end":169,"filename":"combination.rinha"}},"arguments":[{"kind":"Binary","lhs":{"kind":"Var","text":"n","location":{"start":170,"end":171,"filename":"combination.rinha"}},"op":"Sub","rhs":{"kind":"Int","value":1,"location":{"start":174,"end":175,"filename":"combination.rinha"}},"location":{"start":170,"end":175,"filename":"combination.rinha"}},{"kind":"Var","text":"k","location":{"start":177,"end":178,"filename":"combination.rinha"}}],"location":{"start":158,"end":179,"filename":"combination.rinha"}},"location":{"start":130,"end":179,"filename":"combination.rinha"}},"location":{"start":77,"end":185,"filename":"combination.rinha"}},"location":{"start":57,"end":185,"filename":"combination.rinha"}},"location":{"start":37,"end":185,"filename":"combination.rinha"}},"location":{"start":18,"end":187,"filename":"combination.rinha"}},"next":{"kind":"Print","value":{"kind":"Call","callee":{"kind":"Var","text":"combination","location":{"start":196,"end":207,"filename":"combination.rinha"}},"arguments":[{"kind":"Int","value":10,"location":{"start":208,"end":210,"filename":"combination.rinha"}},{"kind":"Int","value":2,"location":{"start":212,"end":213,"filename":"combination.rinha"}}],"location":{"start":196,"end":214,"filename":"combination.rinha"}},"location":{"start":190,"end":215,"filename":"combination.rinha"}},"location":{"start":0,"end":215,"filename":"combination.rinha"}},"location":{"start":0,"end":215,"filename":"combination.rinha"}}
