{
    "name": "fib.rinha",
    "expression": {
        "kind": "Let",
        "name": {
            "text": "fib",
            "location": {
                "start": 4,
                "end": 7,
                "filename": "fib.rinha"
            }
        },
        "value": {
            "kind": "Function",
            "parameters": [
                {
                    "text": "n",
                    "location": {
                        "start": 14,
                        "end": 15,
                        "filename": "fib.rinha"
                    }
                }
            ],
            "value": {
                "kind": "If",
                "condition": {
                    "kind": "Binary",
                    "lhs": {
                        "kind": "Var",
                        "text": "n",
                        "location": {
                            "start": 28,
                            "end": 29,
                            "filename": "fib.rinha"
                        }
                    },
                    "op": "Lt",
                    "rhs": {
                        "kind": "Int",
                        "value": 2,
                        "location": {
                            "start": 32,
                            "end": 33,
                            "filename": "fib.rinha"
                        }
                    },
                    "location": {
                        "start": 28,
                        "end": 33,
                        "filename": "fib.rinha"
                    }
                },
                "then": {
                    "kind": "Var",
                    "text": "n",
                    "location": {
                        "start": 41,
                        "end": 42,
                        "filename": "fib.rinha"
                    }
                },
                "otherwise": {
                    "kind": "Binary",
                    "lhs": {
                        "kind": "Call",
                        "callee": {
                            "kind": "Var",
                            "text": "fib",
                            "location": {
                                "start": 58,
                                "end": 61,
                                "filename": "fib.rinha"
                            }
                        },
                        "arguments": [
                            {
                                "kind": "Binary",
                                "lhs": {
                                    "kind": "Var",
                                    "text": "n",
                                    "location": {
                                        "start": 62,
                                        "end": 63,
                                        "filename": "fib.rinha"
                                    }
                                },
                                "op": "Sub",
                                "rhs": {
                                    "kind": "Int",
                                    "value": 1,
                                    "location": {
                                        "start": 66,
                                        "end": 67,
                                        "filename": "fib.rinha"
                                    }
                                },
                                "location": {
                                    "start": 62,
                                    "end": 67,
                                    "filename": "fib.rinha"
                                }
                            }
                        ],
                        "location": {
                            "start": 58,
                            "end": 68,
                            "filename": "fib.rinha"
                        }
                    },
                    "op": "Add",
                    "rhs": {
                        "kind": "Call",
                        "callee": {
                            "kind": "Var",
                            "text": "fib",
                            "location": {
                                "start": 71,
                                "end": 74,
                                "filename": "fib.rinha"
                            }
                        },
                        "arguments": [
                            {
                                "kind": "Binary",
                                "lhs": {
                                    "kind": "Var",
                                    "text": "n",
                                    "location": {
                                        "start": 75,
                                        "end": 76,
                                        "filename": "fib.rinha"
                                    }
                                },
                                "op": "Sub",
                                "rhs": {
                                    "kind": "Int",
                                    "value": 2,
                                    "location": {
                                        "start": 79,
                                        "end": 80,
                                        "filename": "fib.rinha"
                                    }
                                },
                                "location": {
                                    "start": 75,
                                    "end": 80,
                                    "filename": "fib.rinha"
                                }
                            }
                        ],
                        "location": {
                            "start": 71,
                            "end": 81,
                            "filename": "fib.rinha"
                        }
                    },
                    "location": {
                        "start": 58,
                        "end": 81,
                        "filename": "fib.rinha"
                    }
                },
                "location": {
                    "start": 24,
                    "end": 85,
                    "filename": "fib.rinha"
                }
            },
            "location": {
                "start": 10,
                "end": 87,
                "filename": "fib.rinha"
            }
        },
        "next": {
            "kind": "Print",
            "value": {
                "kind": "Call",
                "callee": {
                    "kind": "Var",
                    "text": "fib",
                    "location": {
                        "start": 96,
                        "end": 99,
                        "filename": "fib.rinha"
                    }
                },
                "arguments": [
                    {
                        "kind": "Int",
                        "value": 10,
                        "location": {
                            "start": 100,
                            "end": 102,
                            "filename": "fib.rinha"
                        }
                    }
                ],
                "location": {
                    "start": 96,
                    "end": 103,
                    "filename": "fib.rinha"
                }
            },
            "location": {
                "start": 90,
                "end": 104,
                "filename": "fib.rinha"
            }
        },
        "location": {
            "start": 0,
            "end": 104,
            "filename": "fib.rinha"
        }
    },
    "location": {
        "start": 0,
        "end": 104,
        "filename": "fib.rinha"
    }
}