{"name":"print_let.rinha","expression":{"kind":"Let","name":{"text":"x","location":{"start":4,"end":5,"filename":"print_let.rinha"}},"value":{"kind":"Print","value":{"kind":"Int","value":10,"location":{"start":14,"end":16,"filename":"print_let.rinha"}},"location":{"start":8,"end":17,"filename":"print_let.rinha"}},"next":{"kind":"Print","value":{"kind":"Binary","lhs":{"kind":"Str","value":"x must be 10. It is ","location":{"start":25,"end":46,"filename":"print_let.rinha"}},"op":"Add","rhs":{"kind":"Var","text":"x","location":{"start":49,"end":50,"filename":"print_let.rinha"}},"location":{"start":25,"end":50,"filename":"print_let.rinha"}},"location":{"start":19,"end":51,"filename":"print_let.rinha"}},"location":{"start":0,"end":51,"filename":"print_let.rinha"}},"location":{"start":0,"end":51,"filename":"print_let.rinha"}}
